{
    // Use IntelliSense to learn about possible attributes.
    // Hover to view descriptions of existing attributes.
    // For more information, visit: https://go.microsoft.com/fwlink/?link...
    "version": "0.2.0",
    "configurations": [
        {
            "name": "Listen for XDebug",
            "type": "php",
            "request": "launch",
            "port": 9001,
            "pathMappings": {
                "D:/projects-php7/pangaea-minds-mvp/pangaea-minds/code": "${workspaceFolder}",
            },
            "ignore": [
                "**/vendor/**/*.php"
            ]
        },
        {
            "name": "Launch currently open script",
            "type": "php",
            "request": "launch",
            "program": "${file}",
            "cwd": "${fileDirname}",
            "port": 9001
        }
    ]
}
